{"cameraMode":{"drawMode":0,"name":"Shaded","section":"Shading Mode"},"sceneLighting":true,"audioPlay":false,"sceneViewState":{"showFog":true,"showMaterialUpdate":true,"showSkybox":true,"showFlares":true,"showImageEffects":true,"showParticleSystems":true,"showVisualEffectGraphs":true,"m_FxEnabled":true},"in2DMode":false,"pivot":{"x":-17.692838668823243,"y":15.823652267456055,"z":45.72443389892578},"rotation":{"x":-0.17196255922317506,"y":-0.010446016676723957,"z":0.00272016110830009,"w":-0.9852345585823059},"size":5.724745750427246,"orthographic":false}