{"cameraMode":{"drawMode":0,"name":"Shaded","section":"Shading Mode"},"sceneLighting":true,"audioPlay":false,"sceneViewState":{"showFog":true,"showMaterialUpdate":true,"showSkybox":true,"showFlares":true,"showImageEffects":true,"showParticleSystems":true,"showVisualEffectGraphs":true,"m_FxEnabled":true},"in2DMode":false,"pivot":{"x":1.6458483934402466,"y":16.717676162719728,"z":17.61594009399414},"rotation":{"x":-0.27430450916290285,"y":-0.001435837591998279,"z":0.0014253839617595077,"w":-0.961857795715332},"size":6.924746513366699,"orthographic":false}